loan_id,customer_id,loan_type,amount,interest_rate,loan_term_years,issue_date,status
1,3869,Personal,246477.19,8.21,17,2016-02-14,Ongoing
2,3924,Home,880173.98,7.35,17,2022-04-12,Ongoing
3,2952,Home,322742.42,10.04,17,2023-04-21,Ongoing
4,3839,Education,475348.59,10.26,10,2021-09-09,Closed
5,3324,Home,1908205.24,9.14,15,2024-05-18,Closed
6,291,Home,565678.18,7.61,16,2019-08-19,Closed
7,919,Personal,773759.64,6.8,3,2018-09-25,Closed
8,4255,Personal,449408.74,7.85,20,2020-04-29,Closed
9,4602,Home,1561650.76,9.36,9,2017-06-17,Ongoing
10,3336,Auto,1183496.13,8.27,14,2022-04-17,Ongoing
11,4033,Education,1857949.29,6.81,10,2019-01-28,Closed
12,4555,Personal,721895.05,11.55,18,2020-11-29,Closed
13,1445,Auto,1554409.17,8.94,3,2024-06-01,Closed
14,3334,Auto,1531020.16,8.13,14,2020-10-15,Ongoing
15,2718,Personal,382980.04,9.57,13,2024-04-29,Closed
16,593,Auto,1919480.3,8.88,14,2015-12-03,Closed
17,3058,Personal,221679.54,10.02,7,2022-09-24,Ongoing
18,28,Education,509050.81,6.59,2,2016-05-08,Closed
19,2919,Home,176593.81,6.54,8,2015-12-15,Closed
20,4164,Personal,1087430.03,7.42,16,2021-12-24,Defaulted
21,4868,Education,739913.93,8.91,1,2019-11-03,Defaulted
22,2025,Education,62969.42,7.56,5,2022-01-05,Ongoing
23,2857,Personal,1994733.32,10.95,3,2018-03-11,Closed
24,482,Auto,783306.28,8.59,2,2018-02-21,Defaulted
25,4743,Home,509771.11,8.22,7,2016-01-30,Ongoing
26,1800,Home,400685.68,8.6,9,2022-03-31,Defaulted
27,3812,Personal,559392.41,7.05,7,2017-08-08,Defaulted
28,860,Auto,1916067.23,8.87,11,2015-11-26,Defaulted
29,875,Personal,1037798.83,7.1,10,2019-11-15,Defaulted
30,2298,Home,1712349.99,10.38,13,2020-08-05,Closed
31,3665,Home,1121893.0,9.78,5,2019-02-02,Closed
32,3789,Auto,456767.43,6.64,7,2020-03-22,Closed
33,3374,Personal,1898161.51,11.3,8,2018-04-16,Ongoing
34,3516,Home,69120.33,6.84,10,2022-06-28,Defaulted
35,4230,Personal,1225442.15,10.94,11,2021-02-08,Closed
36,2389,Home,700408.36,9.39,9,2016-07-14,Closed
37,2804,Auto,1409260.88,11.04,11,2020-05-10,Ongoing
38,2123,Personal,1260454.89,8.53,20,2020-11-14,Defaulted
39,1439,Personal,1026515.96,9.28,8,2021-03-03,Defaulted
40,4047,Auto,545345.3,10.48,18,2016-06-20,Closed
41,3836,Personal,1660000.81,9.06,16,2022-02-14,Defaulted
42,1106,Auto,1827831.98,8.43,19,2021-02-17,Ongoing
43,1531,Education,1179799.6,6.56,17,2019-09-15,Closed
44,675,Personal,192714.94,10.64,10,2016-10-17,Closed
45,2107,Personal,1386812.24,8.21,11,2020-03-12,Ongoing
46,2209,Home,746865.73,11.3,12,2021-01-29,Defaulted
47,2556,Personal,1496451.98,7.82,1,2021-06-02,Ongoing
48,1674,Personal,1492881.67,11.76,15,2017-04-01,Closed
49,4417,Home,1610478.88,9.66,10,2017-02-05,Closed
50,3870,Auto,1071713.39,8.98,8,2021-01-28,Ongoing
51,2502,Education,1555759.96,7.73,15,2016-05-08,Defaulted
52,4023,Personal,407536.23,10.47,4,2022-05-20,Defaulted
53,2766,Home,891251.69,8.47,10,2022-04-11,Ongoing
54,723,Education,1573021.72,8.24,14,2023-10-27,Closed
55,3199,Auto,1648300.87,8.72,12,2017-10-15,Ongoing
56,1454,Personal,1237992.64,6.87,5,2023-05-29,Ongoing
57,2912,Auto,1850949.93,9.55,20,2021-09-17,Ongoing
58,847,Personal,1844638.83,8.02,18,2015-09-14,Ongoing
59,1199,Education,1354422.49,9.0,13,2019-12-15,Defaulted
60,4759,Personal,111737.67,7.53,9,2022-07-13,Closed
61,1701,Personal,929837.71,11.41,13,2015-07-20,Closed
62,1077,Education,1671593.0,6.68,17,2023-11-07,Defaulted
63,4395,Home,333348.28,8.34,4,2018-03-25,Closed
64,4618,Education,1994457.91,9.74,6,2022-09-08,Closed
65,4863,Education,916232.31,11.8,10,2023-09-25,Closed
66,4464,Auto,1764791.77,9.8,3,2018-01-28,Closed
67,814,Personal,1480076.35,9.81,6,2016-08-15,Ongoing
68,2549,Education,1782109.72,9.3,7,2024-01-21,Closed
69,4813,Home,1075487.49,9.64,16,2021-06-20,Closed
70,2823,Personal,906728.57,9.81,1,2018-05-14,Closed
71,1450,Auto,392283.57,11.3,15,2022-12-07,Defaulted
72,4953,Education,254731.08,7.88,6,2022-01-04,Ongoing
73,1159,Personal,435593.18,9.81,5,2021-09-16,Ongoing
74,2263,Personal,244246.56,8.57,10,2022-07-01,Defaulted
75,3942,Personal,1999203.16,7.18,13,2022-09-29,Defaulted
76,831,Auto,1887759.81,10.16,16,2015-07-08,Closed
77,4854,Home,76697.72,11.89,12,2020-07-16,Ongoing
78,3233,Personal,1852650.85,10.73,4,2015-09-27,Ongoing
79,38,Education,627955.72,9.38,4,2017-07-27,Closed
80,2345,Education,1661364.12,9.36,5,2016-04-23,Ongoing
81,1021,Auto,1434451.45,8.01,14,2015-08-19,Ongoing
82,3705,Home,1449894.78,7.62,3,2016-05-27,Closed
83,3447,Home,554054.23,6.99,8,2020-11-19,Ongoing
84,4266,Home,1056177.87,9.13,8,2021-06-14,Ongoing
85,2379,Home,801837.7,6.63,15,2018-07-25,Defaulted
86,877,Auto,623771.32,8.8,8,2022-09-21,Ongoing
87,2730,Home,1597319.48,8.3,11,2022-09-10,Ongoing
88,539,Personal,1812684.58,9.06,14,2021-11-28,Ongoing
89,3674,Personal,907943.75,7.45,15,2017-01-16,Ongoing
90,335,Personal,806864.01,8.52,12,2024-01-21,Ongoing
91,248,Auto,1181947.81,9.22,17,2022-01-17,Closed
92,157,Home,878052.51,10.38,6,2019-12-29,Closed
93,3420,Personal,438611.52,9.56,13,2019-10-19,Closed
94,3187,Home,1863967.04,8.28,18,2021-09-18,Ongoing
95,1289,Personal,1477928.62,8.94,2,2022-04-21,Defaulted
96,3503,Auto,774274.08,10.41,16,2019-07-31,Defaulted
97,4205,Auto,1560061.32,6.8,9,2020-12-07,Closed
98,2808,Education,476650.36,10.6,15,2019-04-01,Closed
99,2837,Auto,1912571.66,9.78,7,2018-10-29,Ongoing
100,181,Personal,1765002.46,9.82,12,2021-11-10,Ongoing
101,4180,Home,1139737.75,7.46,1,2017-05-28,Closed
102,2523,Home,1018762.26,11.06,1,2021-10-03,Defaulted
103,2526,Personal,1106345.44,9.05,10,2019-08-27,Ongoing
104,518,Education,1262724.83,10.39,9,2022-02-10,Defaulted
105,73,Home,661189.1,11.45,12,2024-02-18,Ongoing
106,921,Personal,1385886.11,6.58,18,2020-03-22,Defaulted
107,3524,Personal,271361.12,10.24,19,2019-08-07,Ongoing
108,4053,Personal,1657007.22,9.09,8,2021-12-17,Defaulted
109,1371,Personal,261698.78,7.46,17,2021-09-03,Defaulted
110,1296,Auto,1499128.8,9.14,10,2018-06-27,Defaulted
111,1073,Home,86528.97,10.53,12,2019-10-05,Defaulted
112,754,Auto,1085597.34,10.33,17,2024-03-30,Closed
113,3497,Home,1471239.6,7.16,18,2024-04-11,Closed
114,3551,Personal,555499.28,10.0,6,2018-04-23,Closed
115,2793,Personal,1509899.52,8.29,16,2023-09-29,Ongoing
116,2373,Education,1065757.25,7.22,5,2019-06-22,Ongoing
117,4289,Auto,1037504.77,7.18,2,2021-11-29,Defaulted
118,3828,Home,1462143.49,8.74,12,2018-04-30,Ongoing
119,4208,Personal,1425260.51,7.26,1,2022-12-16,Closed
120,3325,Auto,472094.31,7.01,15,2017-02-02,Defaulted
121,2225,Personal,420865.01,10.71,19,2023-05-05,Defaulted
122,3308,Personal,153249.98,8.71,9,2020-12-31,Closed
123,2801,Education,1720989.72,11.64,18,2015-12-13,Defaulted
124,4440,Education,739264.25,8.68,1,2020-04-08,Ongoing
125,691,Personal,1718998.34,11.79,6,2018-08-09,Closed
126,2896,Education,1855640.48,7.7,15,2024-05-19,Closed
127,3168,Auto,526275.14,10.27,2,2023-09-09,Closed
128,3258,Auto,927060.76,6.72,10,2023-05-27,Ongoing
129,4601,Auto,1094401.72,9.15,15,2023-12-02,Ongoing
130,2336,Education,656181.73,9.98,20,2024-01-21,Ongoing
131,1287,Home,113445.75,11.24,5,2017-01-14,Ongoing
132,3722,Personal,1187338.81,7.16,20,2022-12-24,Ongoing
133,171,Education,1442818.35,10.76,16,2023-05-25,Closed
134,3037,Education,564558.95,10.45,6,2023-12-19,Ongoing
135,3150,Home,131518.62,11.33,18,2018-06-29,Closed
136,1396,Auto,1766119.37,8.6,14,2019-11-21,Closed
137,1295,Auto,1665150.4,11.36,13,2020-10-12,Closed
138,2623,Education,364956.47,9.63,11,2016-06-27,Closed
139,2443,Auto,1044053.58,7.24,17,2018-12-29,Defaulted
140,3816,Home,1645769.59,10.16,16,2021-11-24,Ongoing
141,303,Education,737468.7,10.67,15,2020-04-17,Defaulted
142,3697,Auto,1993895.07,9.23,11,2018-09-09,Ongoing
143,2983,Home,1651168.91,8.58,6,2017-02-28,Ongoing
144,4625,Education,701087.9,9.09,2,2021-03-24,Defaulted
145,4111,Home,239101.42,9.52,8,2016-03-28,Ongoing
146,1916,Education,383751.33,7.83,3,2020-12-20,Defaulted
147,2642,Education,701856.48,10.68,4,2023-12-09,Ongoing
148,1057,Auto,1131467.43,9.23,15,2016-01-01,Defaulted
149,3815,Education,1723763.42,9.67,19,2023-05-10,Closed
150,4364,Personal,1979161.87,9.13,1,2017-10-12,Closed
151,4831,Personal,1218679.27,11.66,19,2023-01-03,Closed
152,84,Education,593181.38,9.19,5,2016-09-27,Defaulted
153,3305,Home,814295.4,8.69,3,2018-12-03,Ongoing
154,3443,Auto,130299.11,11.09,2,2022-02-23,Ongoing
155,1393,Education,593999.53,10.26,18,2017-12-17,Closed
156,2728,Home,1637768.95,9.43,20,2019-12-15,Closed
157,4682,Education,1964785.32,9.38,3,2023-12-11,Closed
158,2708,Home,1932633.42,6.66,10,2019-03-17,Ongoing
159,4240,Home,1585170.54,10.86,18,2020-08-29,Ongoing
160,1193,Personal,1312082.89,7.14,13,2023-12-02,Closed
161,707,Personal,1246326.85,10.06,10,2021-05-31,Defaulted
162,2102,Education,70748.05,10.58,8,2022-05-27,Defaulted
163,1690,Home,345110.27,7.57,19,2021-09-08,Closed
164,355,Home,1870203.15,11.34,19,2021-12-18,Ongoing
165,4141,Home,542319.06,10.84,2,2023-10-31,Defaulted
166,3581,Personal,1871881.09,8.05,6,2017-01-10,Defaulted
167,3163,Education,1873099.17,7.5,8,2022-01-17,Closed
168,4646,Home,616215.8,7.85,7,2021-02-22,Ongoing
169,1836,Auto,1507063.19,9.25,5,2024-03-19,Ongoing
170,2492,Personal,164215.66,10.97,7,2015-11-25,Ongoing
171,767,Personal,1603571.79,7.79,18,2020-08-15,Ongoing
172,3986,Education,1226756.65,9.85,14,2018-02-04,Closed
173,2243,Personal,494831.5,10.65,13,2024-01-02,Closed
174,1169,Personal,1840281.69,7.21,2,2023-01-23,Defaulted
175,3796,Home,713980.94,11.78,20,2016-08-22,Ongoing
176,4692,Personal,142620.36,7.39,6,2016-04-15,Defaulted
177,4017,Home,1626241.3,11.65,5,2017-10-12,Closed
178,4745,Education,1586654.16,11.25,8,2017-10-18,Closed
179,1380,Home,650841.7,10.27,17,2016-05-23,Closed
180,2911,Auto,822439.73,11.82,18,2018-08-31,Closed
181,846,Auto,1187972.11,6.99,13,2020-12-26,Ongoing
182,4526,Education,891525.89,8.24,12,2017-12-15,Closed
183,3383,Home,99182.76,7.05,16,2015-11-23,Defaulted
184,1495,Home,1113887.94,9.84,3,2018-05-06,Closed
185,3801,Education,1737215.52,6.98,4,2016-04-29,Defaulted
186,4552,Home,1165505.4,11.55,7,2024-05-05,Closed
187,3430,Home,1728841.12,11.23,8,2024-05-12,Ongoing
188,1452,Auto,464788.79,8.86,1,2019-04-04,Defaulted
189,4805,Auto,1274168.14,7.6,6,2024-06-16,Ongoing
190,755,Personal,1626693.0,11.79,6,2016-07-06,Ongoing
191,2699,Personal,638083.11,9.41,8,2020-10-18,Closed
192,564,Auto,600508.35,8.61,12,2021-07-03,Defaulted
193,2369,Education,1955912.58,8.04,1,2023-12-13,Ongoing
194,4056,Auto,250543.48,9.99,10,2015-08-18,Defaulted
195,2481,Home,749870.06,7.32,6,2019-08-10,Closed
196,2610,Personal,757184.55,8.01,18,2021-04-07,Ongoing
197,3772,Auto,895097.8,6.74,4,2016-06-10,Closed
198,2021,Auto,248918.16,7.94,20,2021-08-28,Defaulted
199,3960,Education,860610.41,7.96,17,2022-09-30,Closed
200,2104,Education,1815354.34,9.79,2,2023-09-05,Closed
201,2327,Home,778190.41,10.79,10,2016-03-27,Closed
202,1310,Home,1492450.92,11.26,20,2019-04-11,Ongoing
203,3681,Auto,1877196.63,10.23,18,2017-06-08,Defaulted
204,2886,Home,551308.74,6.86,1,2022-08-29,Closed
205,587,Personal,310156.71,11.76,8,2015-08-30,Closed
206,1671,Personal,1470268.97,8.25,7,2017-10-29,Ongoing
207,885,Education,569400.77,11.62,9,2021-07-15,Defaulted
208,265,Auto,1804151.98,10.88,5,2023-05-22,Closed
209,778,Home,247604.28,10.77,18,2019-11-29,Ongoing
210,100,Education,554868.82,9.95,3,2018-05-14,Defaulted
211,917,Education,413315.07,6.86,9,2020-02-17,Ongoing
212,451,Home,338204.67,11.97,10,2015-11-25,Ongoing
213,119,Auto,1667223.75,6.51,6,2019-08-26,Ongoing
214,3873,Personal,1702147.42,10.24,17,2024-06-07,Ongoing
215,931,Personal,284471.43,7.24,4,2022-09-25,Closed
216,3418,Home,112528.08,6.58,4,2020-01-05,Defaulted
217,1794,Education,725157.85,8.83,17,2016-05-17,Closed
218,650,Auto,1643576.86,10.53,7,2015-12-08,Closed
219,1865,Auto,1730590.74,9.33,20,2019-09-22,Closed
220,952,Personal,402952.53,11.37,15,2019-10-25,Defaulted
221,1616,Education,960836.58,9.12,2,2019-04-11,Defaulted
222,2853,Education,926926.34,11.93,11,2018-10-07,Ongoing
223,3412,Education,857074.58,7.54,13,2018-01-06,Ongoing
224,3750,Education,1075503.48,8.21,13,2022-05-24,Ongoing
225,3758,Home,134943.66,10.02,19,2020-03-22,Ongoing
226,3864,Education,953513.93,8.26,10,2020-09-16,Defaulted
227,513,Home,1485393.58,9.76,16,2016-04-28,Ongoing
228,598,Home,1345652.44,10.58,11,2020-01-18,Defaulted
229,1877,Education,1107767.7,8.7,18,2020-01-19,Closed
230,1843,Personal,522786.81,6.67,6,2021-10-21,Ongoing
231,1088,Auto,238976.69,9.66,1,2022-05-15,Ongoing
232,473,Personal,202235.49,11.47,2,2021-08-17,Ongoing
233,2124,Auto,1421850.31,8.99,17,2022-10-16,Ongoing
234,1246,Auto,124039.13,8.93,1,2020-04-07,Defaulted
235,4593,Auto,74137.62,9.18,2,2015-12-20,Closed
236,3620,Education,1513923.48,8.63,12,2019-11-02,Defaulted
237,75,Personal,1137998.55,10.61,18,2020-12-21,Ongoing
238,1884,Auto,156969.05,8.73,20,2022-12-10,Closed
239,4688,Auto,1971932.33,11.16,18,2023-02-03,Defaulted
240,3078,Home,827150.56,6.84,16,2023-06-04,Defaulted
241,2032,Auto,1712287.52,11.53,15,2023-10-07,Closed
242,1915,Auto,760786.5,9.61,9,2018-04-14,Closed
243,1247,Personal,600684.82,7.69,15,2019-07-07,Closed
244,3266,Personal,1762378.67,8.52,15,2019-01-30,Ongoing
245,3363,Personal,392203.55,8.75,15,2023-10-18,Defaulted
246,1164,Education,650424.15,9.4,15,2020-03-22,Closed
247,149,Home,1737179.92,11.36,20,2017-03-14,Closed
248,3039,Home,1697525.19,11.09,16,2020-11-19,Closed
249,1185,Home,1439552.11,9.59,15,2018-05-21,Defaulted
250,3003,Education,426946.31,11.74,4,2022-05-15,Ongoing
251,3111,Home,609978.87,10.7,10,2016-06-23,Ongoing
252,1256,Auto,1789451.82,9.94,12,2016-05-18,Defaulted
253,1041,Home,837757.82,10.05,10,2017-08-09,Closed
254,4734,Auto,872425.28,7.86,19,2019-12-21,Closed
255,3257,Personal,436522.79,7.06,14,2020-05-12,Defaulted
256,2729,Personal,536281.39,9.57,3,2016-01-09,Closed
257,657,Education,726503.32,9.47,17,2021-11-06,Closed
258,2771,Education,1819015.52,9.21,3,2019-06-17,Ongoing
259,1940,Auto,664385.44,11.12,2,2019-03-20,Defaulted
260,3981,Education,581294.68,11.25,10,2020-12-11,Defaulted
261,1158,Education,947044.47,6.88,7,2022-12-01,Defaulted
262,4194,Education,536032.17,10.09,9,2022-04-11,Ongoing
263,491,Education,342586.41,8.95,13,2019-03-05,Ongoing
264,3446,Home,805422.48,11.14,19,2018-05-24,Defaulted
265,750,Personal,1862849.65,7.1,13,2020-03-23,Closed
266,2885,Personal,1957458.85,10.17,18,2016-10-07,Ongoing
267,4677,Personal,229502.97,10.01,4,2015-07-28,Ongoing
268,870,Auto,1759825.62,7.58,19,2017-01-01,Ongoing
269,3153,Education,103162.31,8.74,5,2017-07-24,Closed
270,4588,Education,1106969.53,10.99,1,2022-06-24,Defaulted
271,3461,Personal,286496.42,10.3,18,2021-10-06,Ongoing
272,3395,Education,1559361.65,7.86,14,2020-04-05,Ongoing
273,936,Personal,762913.24,10.71,19,2024-06-03,Ongoing
274,4380,Home,751430.08,6.76,1,2020-11-21,Ongoing
275,2877,Home,227678.53,8.48,17,2015-07-06,Defaulted
276,3042,Education,381310.65,8.34,2,2020-02-28,Ongoing
277,477,Home,377146.75,11.38,12,2017-05-20,Closed
278,1318,Education,1620349.17,11.75,5,2021-02-13,Closed
279,4629,Personal,1404814.69,9.09,15,2023-01-18,Ongoing
280,309,Auto,1590285.33,10.49,17,2020-03-14,Ongoing
281,3392,Home,456913.94,9.09,7,2021-06-21,Defaulted
282,1243,Personal,1220398.38,6.83,18,2019-11-19,Ongoing
283,4127,Education,1641300.88,7.07,1,2021-11-16,Ongoing
284,4983,Auto,1235467.04,8.26,4,2017-01-18,Defaulted
285,4314,Auto,1153686.92,6.82,7,2022-03-10,Closed
286,1149,Home,288475.94,10.04,9,2022-11-19,Ongoing
287,2171,Home,1629367.27,8.47,20,2020-12-24,Closed
288,274,Education,76194.71,10.67,10,2021-09-11,Ongoing
289,2195,Home,1767635.34,11.52,15,2022-10-08,Defaulted
290,1236,Auto,702383.5,6.85,12,2021-11-16,Ongoing
291,3044,Home,908333.76,8.99,7,2021-11-23,Closed
292,876,Education,179137.94,11.04,17,2015-09-12,Closed
293,2510,Auto,191756.7,11.71,3,2023-11-24,Ongoing
294,4968,Personal,899889.35,7.69,18,2016-06-30,Defaulted
295,3994,Home,1960672.12,9.92,19,2021-03-04,Defaulted
296,2174,Education,1348825.08,10.71,9,2015-08-30,Closed
297,3350,Education,178758.95,8.55,13,2020-05-11,Ongoing
298,1703,Education,1467532.29,7.42,16,2024-03-17,Ongoing
299,2180,Home,683470.89,9.25,4,2020-11-14,Closed
300,4698,Home,1086166.05,9.63,14,2019-12-09,Ongoing
301,3727,Auto,978259.25,10.64,13,2023-06-19,Ongoing
302,2565,Home,904011.82,6.54,1,2021-03-13,Defaulted
303,1886,Home,1653375.98,8.82,2,2021-03-13,Defaulted
304,2689,Home,805733.52,7.13,7,2020-12-22,Ongoing
305,1990,Personal,1758881.89,9.18,12,2022-10-14,Ongoing
306,3746,Personal,1766871.76,7.47,2,2022-12-27,Defaulted
307,2318,Education,1385099.71,9.01,3,2018-09-09,Ongoing
308,4650,Personal,331065.35,7.2,14,2019-07-11,Closed
309,2716,Home,718513.29,7.46,5,2017-01-27,Closed
310,1029,Education,1449857.83,9.63,9,2020-11-30,Ongoing
311,3053,Home,1941219.97,7.15,5,2015-12-28,Defaulted
312,1528,Auto,820383.9,9.08,13,2018-05-24,Defaulted
313,2794,Education,978020.23,10.99,14,2017-07-24,Ongoing
314,3531,Home,1402821.14,8.85,14,2020-05-10,Closed
315,106,Personal,1817238.29,8.35,13,2019-11-15,Ongoing
316,4192,Home,1056927.35,8.36,4,2017-02-25,Closed
317,4197,Personal,1908498.57,7.42,5,2018-05-20,Closed
318,2409,Auto,792627.94,8.93,3,2023-04-26,Defaulted
319,4003,Auto,1099371.82,9.02,19,2018-03-18,Ongoing
320,23,Personal,1954730.3,7.58,12,2017-04-14,Defaulted
321,3983,Personal,831123.95,9.27,13,2017-10-17,Closed
322,710,Home,426401.01,11.97,12,2020-05-08,Defaulted
323,902,Personal,442931.85,8.49,15,2016-02-09,Defaulted
324,3797,Education,1813404.05,9.17,10,2021-10-07,Ongoing
325,3227,Education,1220639.38,9.18,2,2016-11-12,Closed
326,1706,Personal,672291.14,7.99,14,2015-09-09,Defaulted
327,1680,Education,1225600.43,7.93,12,2018-02-23,Defaulted
328,3549,Home,804726.22,6.97,1,2018-12-10,Closed
329,3103,Personal,428249.11,6.95,4,2019-09-14,Closed
330,825,Auto,1771109.33,8.61,8,2017-07-15,Closed
331,4529,Personal,1278660.07,8.39,4,2022-07-08,Ongoing
332,532,Home,1555604.77,7.41,6,2016-05-14,Defaulted
333,3016,Education,583539.89,9.47,6,2020-07-13,Ongoing
334,543,Education,699121.2,11.17,14,2023-11-29,Ongoing
335,2755,Auto,60852.42,11.01,3,2019-04-28,Defaulted
336,4815,Auto,57692.03,11.66,8,2021-03-24,Defaulted
337,2414,Auto,1833182.1,7.41,15,2024-04-06,Closed
338,3920,Home,1161888.72,11.84,8,2020-10-03,Defaulted
339,1188,Personal,1680798.67,10.95,10,2016-10-19,Defaulted
340,4490,Home,1543560.8,6.68,3,2017-05-18,Ongoing
341,2172,Home,286614.77,7.99,4,2015-08-27,Ongoing
342,734,Education,726347.41,10.76,2,2022-11-01,Ongoing
343,1480,Personal,682707.69,9.8,20,2021-12-10,Closed
344,4671,Personal,1296089.87,10.7,10,2023-10-16,Closed
345,2624,Auto,1005621.01,6.71,11,2017-10-12,Closed
346,4229,Home,1508867.76,6.91,15,2023-11-26,Closed
347,2969,Personal,144361.84,11.75,12,2019-06-06,Closed
348,2725,Personal,789924.8,11.34,9,2017-05-17,Defaulted
349,1715,Education,462110.24,7.98,7,2022-12-14,Ongoing
350,164,Auto,1226807.73,10.44,8,2015-07-23,Defaulted
351,186,Home,1749587.87,11.36,1,2016-06-09,Defaulted
352,591,Personal,1410357.66,11.26,10,2018-11-17,Closed
353,4670,Home,848977.83,9.07,9,2019-09-29,Closed
354,4509,Education,1041784.59,9.68,8,2017-05-21,Ongoing
355,1719,Personal,881909.24,9.13,12,2022-03-06,Ongoing
356,3293,Auto,1566742.49,8.8,5,2022-06-08,Closed
357,1551,Home,1818045.39,7.39,11,2016-04-20,Closed
358,3587,Home,1610947.88,9.33,3,2023-10-18,Defaulted
359,3225,Auto,65481.04,6.73,16,2016-11-02,Defaulted
360,230,Education,467012.89,7.39,9,2023-12-28,Ongoing
361,271,Education,372644.93,9.41,15,2015-12-18,Ongoing
362,4198,Education,669709.27,11.77,17,2024-06-15,Defaulted
363,4891,Auto,849092.81,11.42,5,2019-05-16,Closed
364,2441,Personal,1442268.81,6.85,2,2015-10-26,Ongoing
365,3011,Auto,53787.72,10.1,3,2018-11-08,Closed
366,2874,Home,1377281.76,11.34,5,2017-02-16,Closed
367,632,Personal,1210240.27,9.83,5,2023-06-09,Defaulted
368,3345,Personal,1166618.12,11.53,9,2019-07-15,Closed
369,255,Education,1401184.53,11.44,5,2017-08-28,Defaulted
370,4700,Education,1182011.87,6.63,8,2018-09-30,Ongoing
371,562,Auto,1167536.54,11.34,4,2021-11-09,Defaulted
372,2273,Education,976953.79,11.75,13,2020-12-02,Closed
373,4996,Education,1448057.18,6.66,8,2016-04-10,Ongoing
374,1713,Education,357022.01,7.72,6,2022-08-06,Defaulted
375,4290,Home,259365.74,10.34,8,2019-05-10,Closed
376,1435,Auto,315135.84,10.68,18,2016-07-06,Defaulted
377,1578,Personal,184927.1,9.04,16,2015-06-27,Closed
378,1297,Personal,1006191.43,8.25,1,2016-03-29,Defaulted
379,4541,Auto,1228807.63,9.77,8,2017-05-14,Closed
380,3710,Home,1424197.9,10.02,4,2016-11-05,Closed
381,773,Education,1504635.32,9.75,17,2021-01-28,Defaulted
382,2870,Personal,492258.46,10.62,20,2020-11-12,Closed
383,4971,Personal,1835175.52,7.75,15,2023-09-13,Ongoing
384,2848,Home,679736.38,10.89,5,2023-06-04,Ongoing
385,2903,Education,916478.02,10.91,17,2016-07-24,Defaulted
386,3955,Personal,741511.71,11.35,2,2019-08-28,Defaulted
387,924,Auto,1488891.45,10.88,19,2020-06-01,Closed
388,3972,Education,667700.44,9.07,1,2017-03-18,Ongoing
389,2811,Personal,1324729.18,11.82,17,2022-08-06,Closed
390,4392,Home,1831416.34,6.88,10,2018-12-03,Closed
391,2477,Auto,1222755.46,6.53,5,2024-02-14,Defaulted
392,3603,Personal,1587862.19,8.59,3,2021-11-07,Closed
393,401,Home,1652557.71,10.43,1,2017-04-21,Defaulted
394,614,Personal,1901069.65,8.54,19,2023-10-21,Defaulted
395,4739,Auto,336470.34,8.23,14,2021-10-12,Ongoing
396,4010,Personal,1013441.81,7.14,13,2020-04-27,Closed
397,4316,Auto,1832737.6,10.62,17,2019-03-11,Ongoing
398,4499,Personal,701979.52,11.11,3,2015-12-09,Defaulted
399,857,Auto,1481758.23,7.25,2,2017-06-02,Closed
400,758,Auto,542588.97,6.69,8,2021-05-21,Defaulted
401,264,Personal,131771.33,9.93,10,2021-02-20,Closed
402,4741,Education,921044.13,11.39,12,2018-12-28,Defaulted
403,215,Education,1956014.07,11.87,10,2015-08-07,Closed
404,4921,Education,1103841.68,11.56,10,2016-03-05,Closed
405,101,Personal,350882.73,7.86,12,2020-04-18,Ongoing
406,2508,Personal,991384.15,10.76,12,2021-09-01,Defaulted
407,1645,Home,1868337.62,7.34,1,2020-01-31,Closed
408,2037,Education,1610766.87,10.53,17,2019-01-14,Defaulted
409,4085,Home,189877.83,7.24,16,2024-05-02,Defaulted
410,495,Personal,1658751.94,8.63,12,2018-06-05,Defaulted
411,3130,Personal,1330502.16,7.07,10,2017-11-08,Defaulted
412,596,Education,454600.94,11.47,17,2019-02-06,Closed
413,4442,Home,1222789.72,9.47,2,2016-07-24,Closed
414,3652,Education,1932020.67,11.08,19,2016-01-01,Ongoing
415,1512,Auto,1517615.1,7.14,14,2016-06-13,Closed
416,4546,Auto,1448275.2,9.79,5,2023-08-18,Ongoing
417,1419,Personal,1648508.22,7.44,11,2024-04-20,Closed
418,799,Home,1700660.1,9.92,12,2016-04-29,Defaulted
419,3739,Auto,1215209.61,9.17,1,2024-05-31,Closed
420,2358,Home,1041852.09,6.73,13,2018-11-27,Defaulted
421,3973,Personal,919423.37,7.63,19,2024-02-01,Ongoing
422,1942,Personal,1641721.29,9.64,7,2023-07-07,Ongoing
423,1818,Home,641477.28,10.04,17,2016-01-04,Defaulted
424,3232,Home,484191.64,10.65,17,2017-12-26,Ongoing
425,3628,Personal,336686.53,9.28,19,2015-07-03,Defaulted
426,3528,Home,1386381.93,6.57,9,2017-07-02,Ongoing
427,722,Home,1712223.48,8.18,10,2023-03-24,Closed
428,904,Education,1099470.83,10.09,18,2017-11-29,Ongoing
429,4095,Home,1167402.6,7.29,16,2021-05-28,Ongoing
430,4807,Home,1663914.86,10.59,17,2015-09-23,Defaulted
431,3425,Personal,1585182.41,8.2,17,2016-09-09,Defaulted
432,949,Auto,584680.75,11.44,7,2022-04-22,Closed
433,3337,Home,1993939.78,11.6,7,2019-09-09,Defaulted
434,3622,Home,857561.83,9.16,1,2017-06-17,Ongoing
435,3527,Education,1163183.14,7.89,6,2016-09-22,Closed
436,3083,Personal,690952.69,8.52,6,2019-02-23,Closed
437,3894,Personal,1588977.53,9.26,9,2015-08-02,Closed
438,863,Home,196795.73,11.66,14,2021-07-15,Defaulted
439,2927,Home,1553097.59,9.25,2,2019-12-24,Closed
440,3860,Auto,868289.75,7.46,1,2017-09-24,Ongoing
441,872,Education,621886.01,11.39,5,2018-06-26,Ongoing
442,4251,Personal,1544722.65,9.2,2,2021-10-25,Defaulted
443,3764,Personal,723687.09,10.68,20,2018-03-26,Ongoing
444,983,Home,1375312.05,11.9,6,2023-12-26,Ongoing
445,4605,Education,208124.51,7.43,9,2023-11-06,Ongoing
446,1163,Home,513897.66,10.13,8,2020-07-16,Closed
447,374,Home,923071.45,6.86,13,2021-07-09,Ongoing
448,993,Personal,723253.54,7.67,2,2023-03-02,Defaulted
449,3618,Personal,758133.6,11.07,13,2015-11-04,Ongoing
450,4370,Personal,402757.25,9.41,11,2024-05-03,Defaulted
451,4207,Personal,1194474.47,7.24,19,2017-09-03,Ongoing
452,3977,Personal,51734.39,10.82,19,2018-07-25,Closed
453,2757,Education,1093984.48,6.77,5,2020-06-08,Closed
454,4014,Home,1159456.1,9.29,15,2017-09-08,Ongoing
455,2679,Auto,359477.85,7.28,2,2018-12-10,Ongoing
456,2466,Education,1013382.92,6.7,5,2023-06-01,Defaulted
457,2576,Auto,223151.34,11.21,16,2021-09-16,Defaulted
458,4840,Education,911054.76,11.84,15,2020-10-14,Closed
459,3076,Auto,1023382.48,6.51,17,2017-05-20,Defaulted
460,698,Home,1820570.67,7.02,14,2021-12-05,Ongoing
461,4622,Home,1815846.71,7.87,15,2022-06-26,Ongoing
462,392,Personal,392582.28,11.24,14,2023-10-06,Ongoing
463,1294,Education,1287881.13,9.77,16,2017-05-07,Ongoing
464,1383,Education,1565916.6,11.19,4,2020-04-14,Ongoing
465,4906,Education,1028488.72,10.11,10,2021-07-17,Closed
466,2015,Auto,1333300.42,8.04,9,2022-07-17,Defaulted
467,2446,Auto,1335185.18,11.52,7,2016-04-02,Closed
468,3483,Education,1786882.9,11.93,13,2020-12-16,Defaulted
469,3868,Home,257786.97,9.75,4,2016-05-28,Ongoing
470,4348,Auto,1617222.6,8.66,12,2018-02-16,Closed
471,2677,Auto,496368.79,10.95,9,2020-12-08,Closed
472,941,Personal,1186399.13,10.82,1,2018-03-13,Ongoing
473,4455,Home,1782158.42,10.37,16,2017-12-04,Ongoing
474,4178,Home,120937.1,11.96,2,2021-04-06,Closed
475,719,Personal,613100.29,8.13,15,2016-09-08,Closed
476,1537,Personal,943026.77,9.06,9,2022-10-12,Closed
477,3141,Education,771704.48,10.0,6,2017-12-15,Closed
478,1816,Auto,1723680.2,6.8,13,2021-08-09,Ongoing
479,3450,Home,64678.85,9.4,6,2021-01-21,Ongoing
480,1323,Home,447888.01,9.11,18,2021-12-11,Closed
481,637,Education,592328.98,9.58,8,2017-09-09,Closed
482,1752,Personal,1878690.11,9.55,9,2020-02-13,Defaulted
483,4027,Education,587733.69,9.05,19,2020-11-08,Ongoing
484,1662,Education,1411658.62,7.11,8,2021-11-13,Ongoing
485,824,Personal,1074786.73,11.05,18,2021-07-02,Defaulted
486,793,Auto,281866.2,11.96,12,2021-02-14,Closed
487,4021,Personal,1465689.37,9.33,8,2020-07-03,Closed
488,3922,Home,644668.6,6.88,12,2018-06-24,Defaulted
489,1625,Home,1731155.4,11.12,16,2015-08-22,Ongoing
490,2580,Auto,1146574.85,11.04,12,2019-02-16,Closed
491,2841,Education,1000965.57,8.74,10,2022-01-22,Defaulted
492,3454,Personal,1159725.87,9.48,3,2020-09-20,Defaulted
493,1904,Home,893951.67,6.58,4,2021-06-24,Defaulted
494,3118,Home,561248.34,11.97,2,2019-06-09,Defaulted
495,4672,Home,365808.21,8.45,10,2020-11-21,Closed
496,1707,Personal,312412.94,9.8,12,2016-03-30,Closed
497,2101,Home,544596.19,7.12,15,2020-05-22,Ongoing
498,3940,Personal,562932.88,7.11,15,2016-03-05,Defaulted
499,4683,Personal,1505096.46,9.65,16,2016-02-02,Ongoing
500,2177,Personal,117263.55,6.8,13,2020-08-17,Ongoing
501,2049,Personal,532538.7,10.88,16,2020-11-25,Ongoing
502,408,Personal,1965252.86,7.82,9,2017-04-08,Ongoing
503,1592,Education,1541077.1,9.62,2,2015-07-17,Ongoing
504,1682,Auto,1105464.0,7.04,3,2021-06-26,Ongoing
505,1997,Education,1704567.97,7.89,15,2017-04-27,Ongoing
506,3423,Personal,1320385.08,7.1,11,2017-08-28,Defaulted
507,3716,Auto,497191.78,11.17,11,2019-06-07,Closed
508,331,Personal,1155985.87,11.62,14,2015-08-02,Defaulted
509,1386,Personal,434429.33,6.7,1,2018-03-27,Ongoing
510,835,Home,153705.43,9.41,14,2017-02-07,Defaulted
511,1656,Personal,1776653.9,8.75,15,2022-05-06,Ongoing
512,4090,Home,1521191.15,10.73,3,2019-07-23,Closed
513,3239,Home,326145.45,11.99,19,2018-12-21,Ongoing
514,559,Education,1607041.22,8.66,19,2020-03-17,Ongoing
515,507,Education,569607.32,6.55,18,2018-08-09,Ongoing
516,2635,Home,1622213.12,11.31,2,2016-02-22,Defaulted
517,1494,Auto,1948427.01,7.47,10,2017-01-10,Closed
518,1545,Education,1683204.78,8.11,20,2017-01-11,Defaulted
519,1760,Personal,1499024.15,7.39,17,2021-08-05,Defaulted
520,668,Personal,396975.35,10.25,15,2020-11-14,Ongoing
521,4927,Auto,196300.3,9.7,15,2018-09-16,Closed
522,87,Education,330998.13,7.34,11,2019-10-07,Closed
523,4046,Education,1667442.78,8.18,3,2016-07-29,Closed
524,1414,Home,1728981.59,9.12,10,2016-11-08,Defaulted
525,4845,Education,250259.79,11.69,3,2022-02-11,Defaulted
526,3835,Personal,660639.1,8.93,1,2016-01-07,Defaulted
527,6,Auto,1119243.42,7.97,8,2023-02-04,Ongoing
528,960,Auto,765114.82,11.75,17,2020-08-08,Ongoing
529,266,Education,425718.67,7.21,10,2021-05-31,Ongoing
530,2044,Education,1731338.6,11.64,16,2015-12-13,Closed
531,1935,Personal,59818.11,8.53,5,2017-07-04,Closed
532,4210,Home,304909.0,11.45,10,2016-04-11,Ongoing
533,4649,Personal,1208872.04,7.29,3,2019-07-30,Ongoing
534,2496,Education,158499.99,9.12,20,2015-08-03,Closed
535,4491,Home,983433.7,7.22,16,2018-02-01,Defaulted
536,1952,Home,1267581.13,7.58,7,2023-12-09,Defaulted
537,3896,Home,329509.38,6.63,15,2016-04-13,Closed
538,1608,Home,1241927.93,8.03,15,2023-05-31,Ongoing
539,3287,Home,806702.83,7.13,17,2015-12-05,Closed
540,47,Education,1190461.02,9.22,6,2020-07-30,Closed
541,4478,Home,721074.24,9.61,17,2022-03-09,Closed
542,406,Education,57006.43,9.25,12,2020-01-19,Defaulted
543,945,Auto,898085.08,7.39,4,2021-07-09,Defaulted
544,4964,Education,187981.56,8.83,9,2023-08-27,Defaulted
545,3479,Personal,1103038.71,6.63,1,2017-07-11,Closed
546,1182,Home,1852102.44,9.81,4,2015-06-25,Closed
547,1274,Education,358840.87,10.1,20,2021-08-21,Closed
548,3346,Personal,984445.07,8.42,12,2019-12-03,Defaulted
549,103,Personal,1297452.0,9.53,8,2018-04-11,Closed
550,4536,Personal,944661.93,8.75,19,2021-08-15,Defaulted
551,699,Home,1349168.38,11.84,15,2023-04-06,Defaulted
552,4755,Home,336939.13,9.99,4,2019-06-02,Closed
553,2774,Auto,1105050.0,10.41,19,2024-04-03,Ongoing
554,4830,Education,502836.69,10.93,3,2017-11-02,Closed
555,4538,Auto,1796269.54,8.8,1,2018-05-25,Closed
556,3008,Personal,1884833.07,10.8,9,2016-03-12,Defaulted
557,886,Personal,481930.84,11.56,19,2020-04-14,Ongoing
558,4235,Auto,641186.16,9.89,2,2024-04-27,Closed
559,3583,Personal,653299.57,8.36,9,2022-01-05,Defaulted
560,3689,Home,289013.23,8.29,10,2024-03-13,Defaulted
561,3182,Education,1571728.7,11.98,19,2017-03-03,Defaulted
562,3309,Home,776485.08,9.25,19,2016-05-10,Closed
563,3993,Personal,389642.02,10.01,11,2023-07-13,Closed
564,2464,Auto,1338055.0,11.18,6,2023-05-27,Ongoing
565,4679,Auto,827557.18,10.03,5,2019-06-20,Defaulted
566,2733,Education,1635758.95,10.32,4,2021-12-19,Ongoing
567,908,Education,303263.89,10.0,20,2023-05-11,Defaulted
568,1761,Home,1319847.49,10.96,4,2015-10-19,Ongoing
569,2220,Auto,161890.87,11.22,8,2018-03-05,Ongoing
570,4976,Home,1576373.04,7.75,11,2018-11-03,Defaulted
571,4592,Personal,1472789.43,10.0,4,2015-10-16,Ongoing
572,2806,Education,1902816.23,8.07,10,2021-04-04,Closed
573,4381,Home,1246664.18,9.92,5,2022-05-16,Ongoing
574,1127,Education,287805.46,6.87,2,2023-12-05,Closed
575,3756,Education,678193.74,9.45,20,2022-07-07,Defaulted
576,1812,Auto,940070.8,11.36,16,2021-08-29,Closed
577,1099,Auto,686234.34,9.01,17,2015-09-16,Ongoing
578,3753,Personal,396635.66,8.38,2,2023-07-28,Defaulted
579,3650,Auto,1527086.98,7.75,7,2024-05-09,Closed
580,3449,Auto,1961849.96,9.06,6,2022-02-22,Closed
581,4502,Auto,1306229.42,8.52,14,2021-11-19,Closed
582,1793,Personal,992678.74,6.84,3,2022-05-17,Defaulted
583,1352,Education,198293.09,6.73,18,2018-05-26,Defaulted
584,3326,Auto,1920345.43,11.87,14,2017-10-16,Ongoing
585,4402,Auto,1931499.02,8.41,16,2023-10-22,Closed
586,4516,Personal,1613322.48,9.7,10,2021-09-24,Defaulted
587,3294,Home,1383656.95,11.5,7,2018-02-28,Ongoing
588,1409,Auto,1776368.75,6.73,11,2018-04-13,Closed
589,996,Personal,192748.05,9.58,7,2022-10-20,Ongoing
590,4715,Auto,273271.89,11.61,5,2023-07-16,Closed
591,2302,Education,622339.25,8.58,10,2021-05-29,Defaulted
592,964,Personal,1315265.77,11.6,20,2021-02-06,Ongoing
593,524,Home,756339.01,7.05,1,2023-09-15,Ongoing
594,3188,Auto,1861365.62,11.04,3,2016-03-14,Ongoing
595,2800,Education,1426578.44,8.82,5,2016-06-17,Closed
596,79,Education,966868.21,11.89,6,2015-10-11,Ongoing
597,4404,Education,1808608.86,10.57,8,2023-04-26,Defaulted
598,1472,Home,616818.3,9.47,12,2023-11-09,Closed
599,2864,Personal,245491.77,8.64,4,2021-04-07,Closed
600,3248,Home,503871.41,9.32,3,2015-12-18,Defaulted
601,3778,Personal,1056863.16,10.71,17,2020-05-09,Closed
602,3871,Home,415856.75,8.9,16,2021-06-15,Defaulted
603,2348,Education,1614820.89,8.98,8,2023-04-03,Ongoing
604,3439,Education,112003.87,7.57,4,2019-07-01,Closed
605,2631,Home,1061383.8,6.55,10,2021-05-10,Closed
606,4135,Education,1787395.48,7.81,5,2022-06-28,Closed
607,4624,Auto,401177.72,9.98,17,2017-02-20,Ongoing
608,3379,Personal,1207244.52,6.8,15,2019-10-22,Closed
609,2038,Personal,693660.31,6.73,18,2023-11-28,Defaulted
610,1684,Education,165774.48,9.04,20,2019-05-11,Ongoing
611,2844,Personal,1538477.09,8.46,17,2021-07-17,Defaulted
612,3562,Home,1681650.69,7.9,6,2017-04-15,Closed
613,1650,Auto,590206.91,9.06,16,2019-12-30,Closed
614,2065,Home,230674.57,9.42,4,2018-07-02,Defaulted
615,4515,Personal,1812614.54,8.05,18,2024-06-14,Defaulted
616,1784,Personal,391624.19,11.77,20,2021-08-14,Closed
617,3639,Education,1595363.9,11.01,4,2018-09-03,Defaulted
618,3057,Personal,844987.59,11.45,4,2017-04-04,Ongoing
619,1367,Education,1136360.16,8.91,11,2016-08-06,Ongoing
620,1889,Auto,473979.81,11.17,6,2022-05-28,Closed
621,1581,Personal,1469872.49,8.88,12,2023-12-04,Defaulted
622,3481,Home,961841.19,10.48,8,2021-03-17,Closed
623,4850,Education,890128.57,9.72,4,2019-02-01,Defaulted
624,4969,Auto,1253752.31,7.18,19,2022-01-27,Defaulted
625,3708,Education,1404053.05,10.01,4,2017-09-18,Defaulted
626,764,Personal,1286312.05,8.24,16,2020-07-02,Closed
627,3662,Personal,1876368.93,7.89,12,2020-05-10,Defaulted
628,2306,Education,1535563.49,9.01,2,2022-07-31,Closed
629,3026,Personal,1680324.36,9.15,17,2019-10-16,Ongoing
630,34,Personal,1198692.09,9.24,20,2021-09-25,Defaulted
631,1887,Home,1287141.75,10.51,9,2017-11-25,Closed
632,1821,Auto,1790327.09,11.38,17,2021-03-26,Closed
633,4030,Home,1173271.01,7.0,10,2018-09-23,Defaulted
634,3760,Education,1342491.41,6.65,20,2023-10-25,Closed
635,1212,Home,1883304.08,10.72,17,2015-10-24,Defaulted
636,3380,Personal,1356430.28,8.13,20,2017-11-14,Defaulted
637,3091,Auto,1568751.99,11.04,4,2023-04-24,Defaulted
638,795,Home,1573108.56,11.72,16,2018-04-10,Ongoing
639,3212,Education,1914358.03,11.35,17,2017-09-28,Defaulted
640,2309,Personal,1143850.29,7.19,3,2016-01-06,Defaulted
641,3124,Personal,947392.7,6.7,2,2018-12-28,Closed
642,1473,Education,1903335.52,9.35,4,2017-05-14,Defaulted
643,512,Personal,199433.19,10.24,11,2016-06-11,Ongoing
644,2792,Education,1719937.61,8.61,18,2019-01-24,Ongoing
645,914,Auto,1550381.7,11.23,13,2018-09-28,Defaulted
646,2904,Personal,525971.16,9.65,3,2016-05-24,Ongoing
647,4974,Personal,1898253.41,11.76,3,2022-01-22,Closed
648,4810,Home,64584.19,7.74,17,2023-08-25,Ongoing
649,4113,Home,849882.07,8.94,4,2022-11-03,Closed
650,288,Home,201548.51,6.56,10,2017-05-08,Ongoing
651,4035,Auto,1054044.02,11.75,15,2016-11-12,Closed
652,3007,Education,1210555.18,7.04,1,2016-12-11,Defaulted
653,1202,Auto,1200208.69,6.86,8,2020-01-07,Closed
654,1814,Education,965361.38,7.25,2,2021-12-30,Closed
655,472,Education,1584459.41,10.54,12,2022-03-17,Closed
656,1905,Home,58484.81,7.98,18,2020-08-17,Ongoing
657,1704,Education,1621093.85,11.27,13,2018-07-01,Defaulted
658,772,Personal,878788.54,8.16,14,2022-02-19,Closed
659,207,Personal,777301.3,6.51,10,2018-11-15,Closed
660,3138,Personal,1418354.15,10.96,7,2020-05-27,Defaulted
661,2064,Education,1190627.38,7.31,11,2015-10-30,Defaulted
662,1628,Home,847496.84,11.22,13,2016-08-07,Closed
663,896,Auto,1358478.92,8.83,6,2016-11-09,Ongoing
664,3964,Home,559480.88,9.46,10,2021-03-26,Ongoing
665,4935,Auto,540849.47,8.96,3,2023-04-24,Defaulted
666,3018,Education,1955557.7,10.76,9,2020-04-03,Defaulted
667,4367,Personal,766199.59,11.15,8,2019-05-11,Closed
668,1179,Auto,566488.11,7.96,4,2023-03-31,Ongoing
669,2852,Auto,839893.17,10.19,11,2015-11-30,Closed
670,1177,Personal,1191046.66,7.22,5,2020-04-19,Defaulted
671,1314,Personal,1076808.92,7.44,1,2020-08-29,Ongoing
672,4954,Personal,1520474.03,9.45,7,2015-08-27,Closed
673,4636,Auto,1550162.35,11.71,4,2022-02-20,Ongoing
674,548,Home,1546999.63,6.81,19,2015-09-26,Defaulted
675,4378,Personal,1444458.23,7.44,12,2019-12-09,Closed
676,2203,Home,1034087.78,10.69,10,2022-08-08,Defaulted
677,422,Auto,548811.09,11.26,10,2020-05-24,Closed
678,1100,Education,1338774.85,10.18,14,2016-11-19,Defaulted
679,1208,Personal,1790267.76,8.13,11,2021-06-18,Defaulted
680,258,Auto,996297.36,11.39,8,2021-05-06,Closed
681,2188,Education,152996.82,8.95,3,2017-06-18,Ongoing
682,1575,Auto,193794.89,11.13,20,2022-06-26,Closed
683,2340,Home,1651324.7,8.33,19,2016-04-17,Ongoing
684,3561,Personal,517269.96,11.72,20,2018-08-06,Closed
685,4388,Home,1592251.12,7.26,11,2022-07-28,Ongoing
686,1024,Home,1579533.56,9.02,12,2016-08-09,Ongoing
687,4129,Education,1852167.33,8.57,13,2015-09-28,Closed
688,4320,Education,97955.75,9.54,1,2017-11-05,Closed
689,1051,Auto,131645.05,7.58,20,2023-10-17,Closed
690,2931,Education,401887.9,6.8,14,2018-04-18,Defaulted
691,1764,Auto,1799992.12,11.5,13,2024-06-22,Defaulted
692,3646,Home,413652.86,9.4,17,2017-11-27,Closed
693,4766,Home,1579843.57,11.13,19,2021-03-26,Closed
694,4821,Personal,481050.04,8.73,12,2020-05-20,Defaulted
695,1932,Personal,464786.39,8.5,18,2022-02-25,Defaulted
696,4414,Auto,1257756.39,11.59,14,2017-02-05,Closed
697,4531,Auto,667948.83,9.61,2,2021-05-14,Defaulted
698,172,Auto,467881.45,10.39,10,2016-06-10,Defaulted
699,2910,Education,66607.76,11.89,16,2018-06-18,Ongoing
700,1377,Home,1454266.63,6.51,5,2017-09-11,Defaulted
701,4519,Auto,184806.2,7.11,10,2022-06-14,Closed
702,2809,Home,1268406.35,6.66,18,2019-09-16,Ongoing
703,48,Personal,1752291.32,10.8,18,2015-12-18,Ongoing
704,3342,Education,1555346.82,7.67,14,2018-07-15,Ongoing
705,2851,Personal,499890.6,11.75,8,2023-06-26,Ongoing
706,4420,Education,201320.04,8.74,12,2015-12-31,Ongoing
707,3106,Personal,739098.58,10.27,12,2020-03-10,Closed
708,2590,Education,498974.42,10.16,14,2017-01-22,Defaulted
709,929,Personal,1153860.63,6.73,10,2019-10-05,Defaulted
710,4452,Education,1747047.83,8.13,9,2020-07-10,Ongoing
711,158,Personal,1193507.01,8.07,16,2017-03-31,Closed
712,1031,Education,1809294.62,10.41,8,2017-08-28,Defaulted
713,2372,Education,1197397.52,11.01,6,2015-12-13,Ongoing
714,3617,Auto,840178.56,9.7,4,2017-03-06,Defaulted
715,1797,Personal,936759.4,6.7,5,2022-12-15,Defaulted
716,1354,Education,542595.43,8.58,6,2023-02-10,Defaulted
717,1795,Home,1523974.36,7.03,5,2021-08-05,Ongoing
718,4243,Personal,162383.19,11.94,10,2018-01-25,Ongoing
719,4361,Education,1245171.63,11.18,13,2017-05-12,Ongoing
720,3687,Education,151038.14,8.76,17,2021-01-05,Closed
721,3668,Home,945067.05,11.88,15,2019-08-28,Ongoing
722,3462,Auto,1661608.15,9.48,14,2022-02-18,Closed
723,4708,Home,458902.35,8.57,7,2018-09-26,Ongoing
724,1918,Education,305048.26,9.0,17,2024-02-13,Defaulted
725,4227,Home,1118838.3,9.59,4,2016-07-14,Ongoing
726,466,Auto,805861.05,7.82,3,2020-02-29,Closed
727,3223,Auto,1763479.18,11.11,12,2022-01-21,Ongoing
728,4252,Home,302652.46,8.74,19,2020-03-28,Closed
729,1097,Personal,927149.06,6.9,13,2022-08-01,Defaulted
730,544,Auto,1976602.16,8.72,10,2020-03-18,Defaulted
731,1209,Education,1716019.41,6.98,11,2016-06-08,Closed
732,2980,Education,510829.87,9.49,5,2022-07-30,Closed
733,2692,Education,630041.03,8.42,15,2023-06-18,Closed
734,616,Auto,1251543.95,9.62,14,2016-12-18,Ongoing
735,3729,Personal,1730324.75,7.74,20,2022-04-15,Ongoing
736,42,Auto,1178385.99,8.59,4,2020-06-24,Closed
737,4667,Personal,1415204.92,11.01,13,2018-11-17,Closed
738,1000,Personal,1056922.7,7.73,6,2016-03-30,Closed
739,2968,Auto,953209.81,8.14,19,2022-03-15,Ongoing
740,4726,Home,1233131.14,6.74,13,2019-09-08,Closed
741,3181,Home,1729326.67,8.52,7,2019-06-10,Closed
742,2383,Auto,117653.84,7.72,18,2021-07-12,Defaulted
743,4943,Education,1558080.48,8.47,4,2017-03-10,Ongoing
744,1587,Education,236562.01,8.88,18,2021-10-08,Defaulted
745,3795,Auto,1655299.99,7.98,10,2019-01-08,Ongoing
746,4421,Home,1318188.12,11.2,10,2020-12-13,Defaulted
747,4350,Home,949777.04,7.25,14,2022-02-05,Ongoing
748,2930,Home,1305849.5,10.45,17,2017-08-17,Ongoing
749,199,Home,992530.0,8.28,6,2024-02-25,Defaulted
750,3846,Education,1426907.97,8.66,3,2019-01-11,Ongoing
751,4926,Personal,1588220.77,8.89,2,2021-06-30,Defaulted
752,427,Education,825719.69,9.05,15,2022-11-10,Ongoing
753,250,Home,645865.54,8.14,10,2020-04-08,Closed
754,4344,Education,424170.45,9.47,17,2023-09-22,Ongoing
755,4795,Personal,1361449.34,7.0,5,2019-11-19,Ongoing
756,2112,Auto,334815.39,7.54,9,2020-10-26,Closed
757,565,Home,1408720.62,10.86,12,2024-06-22,Ongoing
758,2673,Home,1450389.44,7.06,20,2017-09-24,Ongoing
759,4049,Home,338214.81,11.42,4,2019-05-22,Ongoing
760,1509,Home,338355.79,9.98,9,2019-12-20,Defaulted
761,1181,Auto,968307.25,11.92,7,2024-03-30,Ongoing
762,771,Education,1204036.31,9.13,18,2021-07-08,Closed
763,1593,Home,1048818.31,7.28,18,2016-10-31,Defaulted
764,4567,Auto,1883125.61,11.44,10,2017-05-11,Defaulted
765,810,Education,1673199.9,11.58,6,2019-03-11,Ongoing
766,86,Personal,233959.81,11.71,1,2022-11-28,Defaulted
767,1379,Personal,1941475.38,7.89,13,2022-05-23,Defaulted
768,995,Auto,88214.82,11.09,20,2023-01-22,Defaulted
769,1338,Education,1052208.21,11.25,18,2016-05-08,Closed
770,2825,Home,911823.1,8.34,3,2019-06-04,Closed
771,725,Personal,652665.97,10.35,15,2016-01-20,Defaulted
772,4275,Auto,543067.69,9.05,1,2023-07-28,Ongoing
773,2608,Auto,144982.39,10.06,5,2024-04-07,Closed
774,4245,Auto,481976.97,8.66,12,2016-06-16,Ongoing
775,1324,Home,890733.71,8.71,2,2019-01-25,Ongoing
776,1869,Education,1117371.63,6.76,15,2018-01-12,Closed
777,3904,Education,510106.73,10.7,8,2023-08-05,Ongoing
778,4936,Education,279044.24,10.38,7,2016-07-26,Defaulted
779,821,Home,342689.78,9.01,1,2020-01-10,Defaulted
780,4525,Education,1318069.72,9.52,14,2015-08-28,Ongoing
781,3000,Auto,607214.57,7.4,15,2022-08-05,Closed
782,2141,Personal,1931761.33,7.9,4,2022-10-26,Defaulted
783,3525,Personal,1024714.74,7.83,13,2015-12-11,Ongoing
784,4241,Auto,1821656.61,10.08,7,2022-10-21,Ongoing
785,2226,Auto,667273.24,9.98,7,2022-04-27,Ongoing
786,3951,Auto,201358.47,9.37,3,2017-12-24,Ongoing
787,1303,Education,1828133.47,11.73,13,2020-04-08,Closed
788,660,Home,1041859.65,9.87,11,2016-05-20,Ongoing
789,3685,Auto,1609080.04,11.01,18,2016-06-25,Ongoing
790,4939,Education,185743.86,10.23,19,2017-11-21,Ongoing
791,4155,Education,510856.66,7.96,15,2022-11-03,Defaulted
792,1280,Personal,653043.96,9.68,5,2021-10-20,Closed
793,363,Education,1017960.09,8.42,3,2022-11-30,Ongoing
794,3785,Home,1666577.45,11.23,10,2021-01-05,Closed
795,2715,Auto,1916811.13,9.94,8,2019-08-30,Closed
796,1375,Auto,560465.07,8.74,14,2017-09-20,Defaulted
797,81,Education,1930714.72,11.69,16,2019-11-08,Closed
798,644,Auto,72077.78,9.06,6,2024-03-28,Ongoing
799,2566,Auto,605595.1,7.79,5,2016-01-07,Ongoing
800,1819,Auto,1975245.17,8.45,10,2016-03-11,Ongoing
801,3859,Personal,657405.89,6.56,16,2022-01-09,Defaulted
802,2193,Auto,1934239.85,7.55,2,2018-03-09,Ongoing
803,399,Personal,1273356.29,10.79,13,2020-05-21,Defaulted
804,975,Auto,351173.44,7.56,3,2018-09-03,Ongoing
805,1619,Home,367090.23,11.99,10,2022-08-10,Defaulted
806,1910,Home,646778.67,10.46,9,2021-03-09,Defaulted
807,2929,Personal,933091.44,9.23,6,2022-11-10,Defaulted
808,2313,Home,519644.55,9.78,8,2019-02-17,Defaulted
809,3429,Home,1454383.03,8.54,12,2019-12-07,Defaulted
810,3025,Personal,816913.69,7.04,19,2020-10-14,Ongoing
811,1307,Personal,1595185.14,8.8,18,2019-09-23,Closed
812,388,Personal,1493948.74,6.81,15,2021-11-04,Closed
813,2013,Home,1067821.26,6.96,3,2023-08-19,Defaulted
814,4673,Education,1566927.36,10.7,13,2018-12-11,Ongoing
815,307,Personal,990042.56,10.2,5,2021-08-08,Ongoing
816,3060,Home,443448.5,6.94,17,2022-11-13,Defaulted
817,378,Auto,283633.48,7.17,7,2022-06-07,Ongoing
818,2741,Education,243680.01,8.17,20,2016-01-23,Ongoing
819,4147,Education,844706.44,8.22,13,2021-07-13,Ongoing
820,102,Home,746117.91,6.81,13,2015-09-25,Defaulted
821,2316,Education,645909.07,8.89,12,2021-10-16,Closed
822,3718,Auto,423191.38,10.36,7,2023-06-11,Defaulted
823,233,Auto,1961893.49,7.69,11,2018-11-11,Closed
824,4432,Personal,1151930.98,8.0,8,2017-06-29,Closed
825,4756,Auto,223674.83,11.83,18,2015-11-08,Defaulted
826,1727,Personal,143404.72,9.17,20,2015-09-27,Ongoing
827,393,Personal,93141.77,11.74,4,2020-07-07,Closed
828,2602,Personal,1537793.03,10.61,18,2017-10-26,Ongoing
829,4785,Home,1840681.22,8.78,2,2021-06-16,Defaulted
830,3626,Auto,352684.93,6.81,3,2016-08-11,Defaulted
831,2949,Personal,1819773.87,8.79,20,2020-10-01,Closed
832,2587,Auto,1013857.44,10.87,8,2023-12-27,Defaulted
833,4833,Auto,1893491.37,6.83,3,2024-05-01,Closed
834,2921,Auto,1067434.57,7.12,17,2022-04-13,Defaulted
835,1079,Education,583429.06,7.07,16,2017-03-01,Closed
836,623,Home,445750.95,8.47,5,2015-08-20,Ongoing
837,4100,Home,393177.5,6.88,13,2019-07-02,Closed
838,3290,Auto,1930029.14,8.34,8,2019-10-28,Defaulted
839,4769,Education,968293.28,9.09,15,2020-05-27,Ongoing
840,4472,Personal,757505.86,8.63,5,2018-11-27,Ongoing
841,1258,Personal,1763663.54,9.15,16,2016-02-23,Ongoing
842,328,Education,1958362.82,11.14,16,2018-04-01,Ongoing
843,1390,Education,1459854.71,7.83,5,2017-07-16,Closed
844,2961,Home,994748.24,7.16,11,2018-12-09,Defaulted
845,2386,Education,1104205.43,6.77,5,2016-02-08,Closed
846,1326,Personal,242803.94,11.78,12,2019-11-05,Closed
847,381,Personal,223073.24,10.34,11,2017-07-21,Ongoing
848,1834,Auto,455139.63,11.4,20,2018-06-03,Ongoing
849,700,Auto,1045596.14,10.11,10,2021-06-28,Defaulted
850,2787,Education,1351883.78,10.49,13,2015-11-05,Defaulted
851,183,Home,1681510.17,8.01,4,2017-02-14,Closed
852,4059,Home,259250.97,6.9,18,2019-05-26,Closed
853,285,Home,1899134.88,11.32,1,2019-05-13,Ongoing
854,687,Education,1028030.13,7.4,9,2018-07-12,Ongoing
855,3312,Auto,284791.67,9.03,10,2023-04-28,Ongoing
856,2070,Education,1330337.57,11.66,3,2016-05-16,Ongoing
857,974,Personal,514332.31,9.1,10,2023-02-14,Closed
858,1686,Personal,1697145.14,7.6,6,2022-08-29,Closed
859,647,Auto,1191509.33,6.91,13,2017-04-27,Defaulted
860,4458,Personal,381133.38,11.35,11,2019-08-12,Defaulted
861,2253,Education,1860916.86,11.45,4,2019-09-27,Ongoing
862,4124,Auto,246910.32,6.96,15,2018-02-05,Closed
863,299,Education,1831082.2,11.87,20,2018-01-14,Closed
864,1641,Education,283131.2,10.66,19,2023-08-17,Closed
865,1064,Personal,624569.95,10.42,10,2019-07-02,Closed
866,4157,Education,1038179.83,7.0,15,2019-02-25,Defaulted
867,1206,Auto,1518638.93,10.04,15,2017-10-20,Defaulted
868,1018,Personal,697089.11,9.34,7,2018-01-29,Defaulted
869,2331,Home,880539.5,10.44,14,2017-05-26,Defaulted
870,1033,Home,406440.88,11.4,10,2017-11-19,Ongoing
871,3980,Personal,1210131.81,7.94,4,2018-06-05,Closed
872,3969,Education,391303.03,8.88,7,2018-03-05,Ongoing
873,4468,Personal,228229.96,6.6,19,2017-05-03,Ongoing
874,287,Auto,691537.77,9.8,16,2018-12-24,Closed
875,4098,Auto,1187091.07,9.88,13,2020-06-30,Closed
876,3486,Education,258220.41,11.91,20,2018-01-07,Defaulted
877,4423,Education,419309.82,8.93,17,2022-09-26,Closed
878,2068,Auto,994571.8,10.81,9,2019-10-23,Ongoing
879,2735,Home,1414108.53,7.11,15,2023-02-10,Ongoing
880,887,Personal,1762271.31,10.18,16,2016-04-09,Defaulted
881,3140,Auto,488740.88,11.97,13,2016-10-26,Ongoing
882,4439,Home,72455.85,9.28,2,2022-05-14,Ongoing
883,1753,Home,1544775.41,8.62,12,2018-07-13,Ongoing
884,830,Personal,1118175.58,9.9,19,2017-03-21,Ongoing
885,154,Auto,1359996.92,9.58,20,2017-02-24,Closed
886,4488,Education,1906272.47,10.95,12,2022-09-26,Closed
887,2431,Home,1075223.44,10.02,4,2019-06-08,Closed
888,3251,Education,927717.35,11.73,1,2016-08-01,Ongoing
889,2824,Home,1056326.1,10.48,7,2016-07-28,Defaulted
890,3131,Personal,93853.5,11.44,14,2018-07-19,Defaulted
891,2175,Education,544750.16,7.98,17,2020-03-30,Ongoing
892,1496,Personal,319679.63,7.3,19,2016-08-31,Defaulted
893,1583,Education,875764.13,8.22,7,2015-12-17,Ongoing
894,1446,Personal,994935.18,6.73,20,2021-06-12,Defaulted
895,2537,Home,569627.77,10.49,9,2021-11-03,Closed
896,3028,Auto,377986.06,7.83,6,2020-05-07,Ongoing
897,2059,Personal,396549.76,8.41,4,2017-04-29,Ongoing
898,2652,Home,435762.91,10.61,12,2017-12-07,Closed
899,2090,Education,201865.76,8.01,1,2019-11-26,Defaulted
900,4973,Auto,1102079.31,7.07,11,2017-04-01,Defaulted
901,672,Personal,1519769.27,9.65,5,2017-04-06,Ongoing
902,2775,Auto,202105.58,8.84,14,2018-09-28,Defaulted
903,2419,Education,580604.78,11.3,6,2023-08-27,Closed
904,2511,Auto,1180715.74,6.83,13,2020-04-23,Defaulted
905,1510,Auto,173668.51,10.72,11,2024-05-24,Ongoing
906,1530,Auto,1744406.38,6.86,10,2018-02-14,Ongoing
907,3632,Education,558060.56,10.63,6,2021-11-17,Ongoing
908,1160,Auto,584742.66,8.38,17,2020-12-17,Defaulted
909,3282,Personal,60992.33,9.9,14,2022-08-11,Closed
910,927,Education,997742.04,6.57,1,2020-02-15,Closed
911,1992,Education,217666.92,9.56,14,2015-10-18,Closed
912,1168,Home,1280492.1,8.39,17,2019-02-10,Defaulted
913,4310,Auto,227195.65,10.58,11,2020-10-15,Ongoing
914,2524,Personal,409902.13,8.62,4,2021-02-17,Defaulted
915,4521,Personal,1375108.83,7.29,17,2023-04-13,Defaulted
916,4639,Education,1813055.21,9.79,17,2022-04-15,Defaulted
917,1648,Home,1603466.72,7.93,2,2021-12-10,Defaulted
918,4640,Home,1770105.97,9.17,5,2020-05-24,Ongoing
919,4787,Education,1753675.86,10.18,3,2024-03-10,Ongoing
920,4121,Education,517549.45,8.64,15,2017-02-14,Ongoing
921,743,Home,504691.64,7.59,8,2020-05-13,Defaulted
922,3734,Home,1307018.53,9.48,5,2023-08-14,Defaulted
923,3843,Home,611745.63,8.27,7,2016-12-04,Defaulted
924,542,Education,838049.35,6.81,8,2022-12-17,Ongoing
925,1010,Personal,1755412.46,9.28,2,2023-07-17,Ongoing
926,2280,Auto,1790542.4,10.58,7,2017-10-20,Defaulted
927,3547,Auto,410143.69,9.72,13,2024-04-28,Defaulted
928,3671,Auto,1483361.18,9.39,4,2020-09-05,Ongoing
929,3246,Home,576321.16,11.63,8,2023-11-04,Defaulted
930,2577,Education,1717061.46,9.21,13,2015-10-23,Defaulted
931,3855,Education,464345.59,10.01,6,2019-03-13,Closed
932,4948,Home,530021.79,9.04,18,2024-06-01,Defaulted
933,1554,Auto,1495647.76,6.95,18,2021-11-16,Ongoing
934,4094,Education,86390.71,10.07,11,2017-10-10,Defaulted
935,855,Personal,1386856.62,10.91,8,2018-07-02,Ongoing
936,4540,Home,139100.89,9.35,18,2016-02-08,Defaulted
937,3910,Education,693482.79,9.8,15,2016-08-03,Closed
938,2033,Education,1860830.36,11.38,4,2024-03-19,Ongoing
939,2951,Education,1838279.05,7.47,1,2016-01-13,Ongoing
940,4153,Education,608117.53,11.12,2,2023-06-08,Ongoing
941,2265,Education,981017.78,11.4,12,2021-04-09,Closed
942,4887,Auto,1898582.52,9.58,18,2015-09-17,Closed
943,3107,Auto,1028703.18,9.37,2,2020-02-10,Ongoing
944,2361,Education,1959546.98,6.76,9,2023-09-15,Defaulted
945,3543,Auto,1322936.52,7.93,13,2019-10-21,Closed
946,3120,Personal,1605741.89,8.87,9,2023-06-17,Defaulted
947,3328,Auto,1650746.31,11.85,11,2019-11-28,Ongoing
948,316,Auto,846884.7,10.5,2,2018-04-26,Defaulted
949,937,Personal,1200701.4,11.86,16,2022-10-03,Closed
950,3928,Home,947857.9,7.86,19,2017-09-11,Ongoing
951,3119,Auto,1380110.1,6.82,11,2019-05-27,Closed
952,3087,Education,1333374.83,9.46,1,2021-08-30,Closed
953,3471,Home,1570102.31,10.17,14,2016-04-30,Ongoing
954,1503,Education,1763299.2,6.88,2,2015-12-17,Closed
955,1257,Education,1234005.92,11.75,18,2023-03-26,Ongoing
956,2045,Auto,1498233.05,6.89,9,2019-08-13,Ongoing
957,2208,Home,971571.75,8.78,19,2019-08-18,Defaulted
958,3404,Personal,885671.94,10.85,5,2017-09-20,Ongoing
959,1037,Auto,422797.65,9.15,6,2023-01-21,Defaulted
960,4701,Home,1217151.54,9.57,3,2019-01-31,Defaulted
961,3695,Personal,1664845.18,8.28,1,2018-07-24,Ongoing
962,4879,Home,1066786.93,6.94,10,2021-09-29,Closed
963,928,Education,928977.52,8.51,7,2022-06-04,Closed
964,2713,Personal,624557.97,6.81,4,2017-11-19,Ongoing
965,965,Home,1361339.75,8.3,16,2017-03-19,Defaulted
966,2151,Education,1201648.18,7.98,14,2017-09-25,Ongoing
967,1580,Auto,1622672.77,10.13,6,2023-04-25,Defaulted
968,216,Auto,784877.71,9.17,18,2018-09-09,Ongoing
969,4944,Auto,1958754.81,11.89,7,2023-09-16,Closed
970,613,Personal,268255.81,7.55,12,2017-11-11,Closed
971,4071,Auto,164032.61,10.15,9,2021-08-01,Closed
972,4505,Auto,637328.55,9.73,5,2023-10-26,Defaulted
973,4510,Auto,1179023.91,8.63,19,2021-02-13,Defaulted
974,3408,Home,592610.55,9.79,7,2019-09-22,Defaulted
975,32,Home,1407681.06,7.21,19,2023-12-15,Ongoing
976,55,Education,563843.69,8.7,14,2021-02-16,Closed
977,4981,Education,666560.2,10.32,2,2024-03-28,Ongoing
978,661,Home,764934.54,8.21,9,2023-10-14,Ongoing
979,3496,Auto,965676.48,9.88,19,2020-06-25,Closed
980,1006,Auto,1208880.29,11.36,4,2022-11-29,Ongoing
981,4057,Personal,385597.39,9.41,4,2015-08-02,Defaulted
982,861,Auto,1462794.51,7.03,7,2021-01-30,Defaulted
983,3419,Auto,1546744.45,8.67,7,2023-11-24,Defaulted
984,2052,Auto,861167.99,11.59,12,2022-12-24,Defaulted
985,4860,Education,587757.43,9.99,19,2018-02-18,Ongoing
986,2933,Auto,794137.77,8.45,9,2018-08-21,Ongoing
987,2491,Auto,200108.52,9.27,5,2021-07-10,Ongoing
988,2219,Home,322629.36,9.64,20,2017-11-28,Closed
989,678,Education,773543.17,7.43,15,2015-10-19,Ongoing
990,3505,Education,1550495.31,10.8,1,2018-09-27,Defaulted
991,4638,Home,429979.93,8.96,6,2015-08-15,Defaulted
992,1652,Education,646406.62,9.38,13,2016-10-29,Ongoing
993,4286,Education,1518945.34,11.54,17,2015-11-30,Closed
994,551,Personal,689446.04,8.55,9,2019-11-19,Ongoing
995,4880,Home,301656.14,10.57,6,2023-05-29,Defaulted
996,448,Education,70941.56,9.1,13,2017-09-25,Closed
997,2158,Personal,496067.78,11.8,4,2015-10-10,Defaulted
998,1152,Education,1603480.53,6.89,10,2017-07-30,Closed
999,805,Home,1452170.4,11.3,15,2023-06-25,Closed
1000,461,Education,1861373.69,7.11,11,2018-02-24,Defaulted
